leftthigh-1,leftthigh-2,leftthigh-3,rightthigh-1,rightthigh-2,rightthigh-3,spine-1,spine-2,spine-3,spine-4,spine-5,spine-6,Label
3,19,38,16,26,18,32,21,40,32,17,9,sitting-healthy
7,4,3,5,14,17,28,27,3,12,28,15,sitting-not-healthy
14,10,11,12,12,20,0,0,0,0,0,0,please-lean-back
22,18,22,40,13,30,3,26,16,5,1,16,sitting-not-healthy
18,22,12,30,34,31,18,10,18,35,24,20,sitting-not-healthy
25,25,0,15,4,15,3,26,16,22,36,39,sitting-healthy
6,30,20,16,16,34,24,1,27,7,0,39,sitting-healthy
0,0,0,0,0,0,0,0,0,0,0,0,not-sitting
23,21,28,7,18,20,30,38,35,29,27,11,sitting-healthy
22,36,17,4,30,19,2,4,39,10,28,15,sitting-not-healthy
21,0,2,32,4,24,13,36,33,19,38,24,sitting-healthy
4,38,6,27,33,0,5,7,19,36,31,7,sitting-healthy
37,22,15,35,6,9,5,24,13,26,3,26,sitting-healthy
12,13,18,11,13,18,0,0,0,0,0,0,please-lean-back
0,0,0,0,0,0,0,0,0,0,0,0,not-sitting
10,19,19,38,17,17,31,26,20,27,20,15,sitting-not-healthy
6,34,30,10,26,20,16,0,27,5,24,27,sitting-healthy
0,0,0,0,0,0,0,0,0,0,0,0,not-sitting
31,18,13,17,26,33,29,22,34,33,13,19,sitting-not-healthy
40,30,3,39,30,37,0,10,18,40,16,28,sitting-healthy
4,18,34,18,5,23,29,5,40,8,7,34,sitting-healthy
0,0,0,0,0,0,0,0,0,0,0,0,not-sitting
0,0,0,0,0,0,0,0,0,0,0,0,not-sitting
4,4,2,33,23,0,13,22,0,38,12,2,sitting-healthy
15,38,22,33,3,22,26,17,26,20,23,23,sitting-healthy
40,9,18,10,6,11,27,18,32,7,0,22,sitting-healthy
18,11,12,15,10,20,0,0,0,0,0,0,please-lean-back
24,15,37,2,28,29,5,17,40,39,40,38,sitting-healthy
32,29,16,9,40,40,3,13,12,25,29,40,sitting-healthy
8,10,9,10,17,27,6,28,24,39,8,9,sitting-healthy
26,22,28,4,25,36,24,1,37,5,36,13,sitting-healthy
35,7,7,17,0,24,11,3,12,17,24,18,sitting-healthy
0,33,27,14,9,19,3,36,7,0,26,19,sitting-healthy
11,15,19,15,13,14,0,0,0,0,0,0,please-lean-back
8,20,9,24,4,11,4,24,0,22,23,16,sitting-healthy
16,17,14,19,21,4,30,24,12,4,1,24,sitting-healthy
23,1,40,37,31,25,2,27,11,38,3,26,sitting-healthy
11,33,15,2,9,30,21,28,16,28,9,31,sitting-healthy
25,6,5,4,39,17,12,13,23,2,28,5,sitting-healthy
13,7,20,0,28,12,36,13,19,19,31,21,sitting-not-healthy
24,22,25,13,15,27,38,12,18,27,18,17,sitting-not-healthy
26,34,32,33,5,40,15,3,19,12,13,6,sitting-healthy
17,34,35,13,31,39,15,30,21,1,32,3,sitting-healthy
0,0,0,0,0,0,0,0,0,0,0,0,not-sitting
14,37,40,9,3,28,11,32,23,4,34,6,sitting-healthy
0,0,0,0,0,0,0,0,0,0,0,0,not-sitting
12,22,22,15,2,34,40,13,28,20,19,5,sitting-not-healthy
17,21,8,8,27,37,33,3,18,35,18,20,sitting-healthy
13,14,15,11,12,20,0,0,0,0,0,0,please-lean-back
27,8,0,15,12,17,18,9,11,39,35,0,sitting-not-healthy
2,10,19,23,8,14,17,17,26,11,8,22,sitting-not-healthy
39,31,30,8,29,15,27,16,9,31,19,31,sitting-healthy
0,0,0,0,0,0,0,0,0,0,0,0,not-sitting
13,13,18,20,14,14,0,0,0,0,0,0,please-lean-back
11,14,23,22,7,9,12,40,33,16,38,15,sitting-not-healthy
9,5,1,15,0,2,35,13,30,10,4,15,sitting-healthy
38,38,8,34,19,30,13,10,35,18,27,21,sitting-healthy
2,1,40,32,17,29,30,26,18,30,23,18,sitting-healthy
12,34,1,18,18,22,24,21,14,29,31,12,sitting-not-healthy
8,21,14,27,40,37,30,1,40,18,3,17,sitting-healthy
0,0,0,0,0,0,0,0,0,0,0,0,not-sitting
12,20,40,14,33,18,27,17,20,11,19,3,sitting-not-healthy
4,16,3,30,31,13,21,34,1,21,34,30,sitting-healthy
0,0,0,0,0,0,0,0,0,0,0,0,not-sitting
4,31,12,29,33,4,12,35,35,26,22,11,sitting-healthy
17,9,21,22,21,27,34,33,13,21,38,22,sitting-healthy
19,11,12,15,15,17,0,0,0,0,0,0,please-lean-back
0,0,0,0,0,0,0,0,0,0,0,0,not-sitting
2,13,37,16,18,11,6,22,13,24,9,3,sitting-healthy
10,17,12,14,14,11,0,0,0,0,0,0,please-lean-back
15,36,32,18,5,38,4,22,5,28,2,0,sitting-healthy
37,7,3,28,19,28,11,1,38,9,27,34,sitting-healthy
36,37,5,8,1,38,4,26,0,35,28,37,sitting-healthy
11,14,18,12,17,14,0,0,0,0,0,0,please-lean-back
26,39,33,29,30,1,7,36,8,2,37,21,sitting-healthy
13,31,28,22,25,2,24,38,9,3,1,6,sitting-healthy
0,30,17,1,5,23,1,5,16,19,11,17,sitting-healthy
24,40,38,18,7,2,36,2,6,33,22,3,sitting-healthy
22,22,17,33,10,6,15,30,28,2,6,16,sitting-not-healthy
1,5,40,18,19,17,20,20,17,2,26,14,sitting-not-healthy
24,11,39,27,8,22,0,35,15,0,15,19,sitting-healthy
18,8,6,34,16,32,28,20,32,31,1,2,sitting-healthy
38,15,23,20,39,8,25,13,9,14,31,11,sitting-not-healthy
26,4,6,23,21,15,5,35,37,37,23,8,sitting-healthy
29,22,21,1,15,8,21,40,29,20,5,10,sitting-healthy
18,30,12,11,2,32,3,10,30,20,3,5,sitting-not-healthy
12,37,19,7,0,10,40,20,37,26,4,8,sitting-healthy
14,2,32,1,38,27,31,9,20,18,4,9,sitting-healthy
26,14,36,27,11,20,5,34,30,11,32,7,sitting-healthy
0,0,0,0,0,0,0,0,0,0,0,0,not-sitting
0,0,0,0,0,0,0,0,0,0,0,0,not-sitting
34,9,30,8,27,35,40,34,18,14,14,12,sitting-healthy
13,13,15,10,14,19,0,0,0,0,0,0,please-lean-back
14,13,20,20,18,12,0,0,0,0,0,0,please-lean-back
20,25,34,2,35,8,13,35,18,36,0,28,sitting-healthy
19,14,23,24,23,3,9,32,29,3,5,31,sitting-healthy
36,26,18,34,9,36,9,17,35,16,30,16,sitting-healthy
19,21,30,26,38,3,28,34,2,35,16,35,sitting-healthy
13,8,31,9,24,27,7,32,39,11,32,35,sitting-healthy
16,16,19,18,11,16,0,0,0,0,0,0,please-lean-back
27,37,11,16,16,11,13,21,37,10,24,36,sitting-not-healthy
31,26,1,13,2,6,39,32,23,31,8,27,sitting-healthy
3,2,21,36,31,38,20,27,24,29,7,2,sitting-healthy
4,40,11,4,25,31,19,0,36,18,40,29,sitting-healthy
28,38,27,29,24,17,19,26,10,31,5,7,sitting-healthy
20,18,29,32,15,5,10,35,15,21,17,5,sitting-not-healthy
17,18,19,10,13,14,0,0,0,0,0,0,please-lean-back
31,37,20,4,38,23,30,25,29,21,8,36,sitting-healthy
15,14,11,10,10,17,0,0,0,0,0,0,please-lean-back
10,5,1,25,15,16,15,20,4,35,24,11,sitting-not-healthy
15,36,29,15,7,39,28,27,20,17,27,37,sitting-not-healthy
14,14,19,11,10,20,0,0,0,0,0,0,please-lean-back
5,8,14,40,11,29,25,40,6,6,31,9,sitting-healthy
33,14,40,29,23,0,10,15,1,11,18,5,sitting-healthy
0,0,0,0,0,0,0,0,0,0,0,0,not-sitting
25,33,25,16,40,27,40,11,3,26,24,21,sitting-healthy
30,12,38,33,30,38,3,37,24,17,8,36,sitting-healthy
5,18,23,16,12,22,10,4,20,16,24,32,sitting-not-healthy
37,35,38,27,2,5,9,12,7,6,0,33,sitting-healthy
37,19,0,22,4,4,21,7,15,30,8,24,sitting-healthy
37,36,20,4,3,27,23,4,23,35,35,10,sitting-healthy
2,18,24,10,11,5,29,15,3,38,5,3,sitting-healthy
4,18,38,39,0,11,7,29,2,30,3,19,sitting-healthy
35,7,14,21,29,27,21,22,27,36,9,39,sitting-healthy
34,31,6,27,23,21,31,34,23,13,37,35,sitting-healthy
16,0,22,32,15,15,1,3,13,23,4,11,sitting-not-healthy
24,17,36,14,15,6,19,29,33,31,26,32,sitting-healthy
12,17,10,10,16,17,0,0,0,0,0,0,please-lean-back
19,6,9,11,38,32,14,37,36,10,7,3,sitting-not-healthy
17,31,28,26,33,34,25,23,34,0,29,1,sitting-healthy
0,0,0,0,0,0,0,0,0,0,0,0,not-sitting
0,0,0,0,0,0,0,0,0,0,0,0,not-sitting
28,26,5,14,3,25,9,21,39,15,39,15,sitting-healthy
10,16,19,11,13,11,0,0,0,0,0,0,please-lean-back
29,19,15,6,35,19,34,0,6,8,24,23,sitting-healthy
38,18,26,19,33,31,28,9,0,40,3,39,sitting-healthy
0,0,0,0,0,0,0,0,0,0,0,0,not-sitting
18,19,40,26,15,8,22,2,6,30,12,0,sitting-healthy
1,13,5,30,14,18,35,24,5,16,0,22,sitting-healthy
13,35,40,9,4,12,37,40,22,6,22,39,sitting-healthy
25,4,0,15,16,31,4,25,35,22,29,37,sitting-healthy
18,4,10,37,12,10,3,34,2,38,22,24,sitting-healthy
14,20,2,24,23,32,27,18,19,26,11,23,sitting-not-healthy
37,38,34,4,31,13,36,24,7,40,0,29,sitting-healthy
24,21,7,36,11,28,31,25,2,24,35,36,sitting-healthy
0,0,0,0,0,0,0,0,0,0,0,0,not-sitting
10,27,29,31,6,28,27,1,36,18,16,9,sitting-healthy
34,23,6,8,36,1,24,19,9,14,34,32,sitting-healthy
0,30,39,34,6,12,16,11,28,22,21,30,sitting-healthy
21,0,12,28,10,28,10,2,39,18,15,7,sitting-not-healthy
20,17,10,12,9,23,3,18,26,28,21,2,sitting-healthy
0,0,0,0,0,0,0,0,0,0,0,0,not-sitting
0,0,0,0,0,0,0,0,0,0,0,0,not-sitting
9,18,11,35,38,10,7,27,2,2,19,37,sitting-healthy
28,17,24,38,27,5,1,20,15,17,35,4,sitting-healthy
28,2,30,16,36,11,24,6,31,19,25,12,sitting-not-healthy
24,33,18,12,8,22,34,4,38,30,24,19,sitting-healthy
40,10,40,4,31,15,26,40,7,11,20,33,sitting-not-healthy
11,12,16,14,10,20,0,0,0,0,0,0,please-lean-back
21,26,24,20,40,32,9,18,15,24,8,23,sitting-healthy
10,14,14,16,18,14,0,0,0,0,0,0,please-lean-back
35,0,11,13,4,39,23,9,35,28,24,8,sitting-healthy
21,27,7,12,5,12,35,21,5,37,11,0,sitting-healthy
37,18,15,28,15,19,15,33,4,37,31,6,sitting-healthy
26,4,35,8,18,33,4,12,11,5,18,23,sitting-healthy
0,0,0,0,0,0,0,0,0,0,0,0,not-sitting
0,0,0,0,0,0,0,0,0,0,0,0,not-sitting
12,35,22,28,37,30,0,29,34,37,7,9,sitting-healthy
13,11,2,7,32,7,36,14,28,37,10,8,sitting-not-healthy
12,12,11,11,15,20,0,0,0,0,0,0,please-lean-back
21,36,35,12,39,12,0,33,0,0,37,35,sitting-healthy
2,6,35,24,15,29,24,7,0,12,39,20,sitting-healthy
38,21,12,34,25,32,13,32,26,27,14,22,sitting-healthy
28,19,28,35,0,34,27,27,18,27,21,8,sitting-healthy
24,28,14,23,18,13,5,35,15,29,38,25,sitting-healthy
0,0,0,0,0,0,0,0,0,0,0,0,not-sitting
10,39,4,28,16,40,20,1,24,1,34,5,sitting-healthy
4,2,37,16,20,0,18,39,13,38,32,33,sitting-not-healthy
4,18,30,8,6,38,37,38,31,36,34,3,sitting-healthy
19,8,15,10,40,9,0,32,33,7,19,18,sitting-not-healthy
13,11,11,11,12,17,0,0,0,0,0,0,please-lean-back
30,29,18,25,8,32,39,19,12,8,12,35,sitting-healthy
8,23,4,33,14,10,21,22,1,34,21,10,sitting-healthy
13,23,14,36,26,5,40,21,8,18,13,10,sitting-not-healthy
18,18,17,15,18,13,0,0,0,0,0,0,please-lean-back
27,1,6,39,27,36,12,32,7,33,33,7,sitting-healthy
14,24,34,1,21,24,32,7,13,21,35,11,sitting-healthy
9,23,40,33,8,0,35,6,24,32,1,31,sitting-healthy
0,0,0,0,0,0,0,0,0,0,0,0,not-sitting
1,23,1,22,40,14,11,10,36,24,28,3,sitting-healthy
10,15,11,19,12,16,0,0,0,0,0,0,please-lean-back
0,0,0,0,0,0,0,0,0,0,0,0,not-sitting
7,2,35,15,7,8,12,7,12,5,20,11,sitting-healthy
0,9,13,28,21,14,17,16,28,16,4,26,sitting-not-healthy
0,0,0,0,0,0,0,0,0,0,0,0,not-sitting
30,11,31,13,4,5,30,40,17,1,37,23,sitting-healthy
0,0,0,0,0,0,0,0,0,0,0,0,not-sitting
0,0,0,0,0,0,0,0,0,0,0,0,not-sitting
8,35,17,30,22,8,26,16,33,23,21,3,sitting-healthy
24,3,11,8,17,6,30,33,4,14,5,14,sitting-not-healthy
0,0,0,0,0,0,0,0,0,0,0,0,not-sitting
34,8,32,11,9,24,12,8,33,33,10,39,sitting-healthy
32,0,11,13,21,4,19,25,4,9,32,12,sitting-not-healthy
0,0,0,0,0,0,0,0,0,0,0,0,not-sitting
21,38,30,32,7,24,32,29,0,32,24,7,sitting-healthy
11,1,16,29,12,11,31,27,18,5,5,11,sitting-not-healthy
33,32,33,27,0,23,5,20,11,35,25,14,sitting-healthy
16,0,11,38,0,3,27,39,31,26,13,27,sitting-healthy
11,24,24,38,4,11,16,24,16,35,12,17,sitting-not-healthy
21,10,30,20,12,3,34,4,24,4,14,31,sitting-healthy
0,0,0,0,0,0,0,0,0,0,0,0,not-sitting
19,7,22,14,24,17,36,13,19,34,19,19,sitting-not-healthy
11,10,10,12,17,12,0,0,0,0,0,0,please-lean-back
29,26,8,39,28,25,11,1,12,7,26,31,sitting-healthy
28,33,15,11,25,22,28,28,31,23,21,39,sitting-healthy
4,37,34,4,37,35,38,0,1,1,5,9,sitting-healthy
14,28,31,19,10,22,36,16,18,26,14,27,sitting-not-healthy
39,12,1,0,11,25,39,19,18,36,36,22,sitting-not-healthy
19,18,15,18,18,18,0,0,0,0,0,0,please-lean-back
12,15,5,11,40,3,15,36,32,30,25,40,sitting-healthy
7,19,22,19,12,13,39,30,37,0,11,24,sitting-healthy
11,31,18,2,1,2,12,24,38,12,21,32,sitting-not-healthy
16,18,12,16,14,10,0,0,0,0,0,0,please-lean-back
1,7,29,37,16,16,7,38,1,7,1,35,sitting-healthy
0,0,0,0,0,0,0,0,0,0,0,0,not-sitting
14,11,10,10,18,16,0,0,0,0,0,0,please-lean-back
28,21,23,28,27,31,5,26,37,4,30,39,sitting-healthy
35,39,22,39,34,25,30,5,32,36,37,25,sitting-healthy
40,22,14,29,18,10,24,31,26,4,29,26,sitting-healthy
16,32,33,36,33,39,26,25,32,26,30,4,sitting-healthy
0,0,0,0,0,0,0,0,0,0,0,0,not-sitting
28,10,19,8,35,11,20,22,40,29,37,25,sitting-healthy
8,19,29,1,5,9,5,13,19,32,3,4,sitting-healthy
4,22,35,0,30,31,34,22,36,24,8,29,sitting-healthy
3,4,34,17,2,7,21,18,4,36,14,31,sitting-healthy
34,19,20,32,33,4,18,3,25,32,21,19,sitting-not-healthy
7,25,35,32,10,1,8,30,7,8,0,10,sitting-healthy
20,16,10,11,10,19,0,0,0,0,0,0,please-lean-back
20,19,12,12,18,10,0,0,0,0,0,0,please-lean-back
36,11,9,40,11,37,17,22,26,13,30,23,sitting-not-healthy
38,39,8,31,14,9,25,23,24,38,34,38,sitting-healthy
8,6,23,12,10,27,28,21,38,37,15,26,sitting-healthy
40,8,1,34,7,12,40,11,3,29,32,1,sitting-healthy
0,0,0,0,0,0,0,0,0,0,0,0,not-sitting
0,0,0,0,0,0,0,0,0,0,0,0,not-sitting
9,10,4,29,18,22,14,37,3,2,12,17,sitting-not-healthy
0,0,0,0,0,0,0,0,0,0,0,0,not-sitting
16,37,31,23,17,25,35,11,33,40,11,7,sitting-not-healthy
0,0,0,0,0,0,0,0,0,0,0,0,not-sitting
0,0,0,0,0,0,0,0,0,0,0,0,not-sitting
13,0,33,35,28,2,20,23,17,28,26,36,sitting-healthy
8,32,4,38,10,5,20,16,23,25,38,9,sitting-healthy
29,20,26,26,21,27,19,3,32,23,22,4,sitting-healthy
20,34,40,37,26,36,26,2,34,20,0,18,sitting-healthy
27,25,29,18,21,9,39,6,22,17,30,33,sitting-healthy
24,6,17,17,8,37,35,28,20,23,22,13,sitting-not-healthy
14,11,16,17,20,19,0,0,0,0,0,0,please-lean-back
37,32,15,35,39,32,28,18,37,13,20,35,sitting-healthy
30,19,3,40,5,14,40,1,0,30,17,0,sitting-healthy
37,6,32,33,29,4,29,32,1,35,24,33,sitting-healthy
0,0,0,0,0,0,0,0,0,0,0,0,not-sitting
8,23,38,11,20,37,24,40,1,33,5,4,sitting-healthy
15,26,20,28,5,31,15,15,17,7,17,32,sitting-not-healthy
0,0,0,0,0,0,0,0,0,0,0,0,not-sitting
27,12,28,33,16,6,15,32,24,11,9,12,sitting-not-healthy
0,0,0,0,0,0,0,0,0,0,0,0,not-sitting
24,40,32,1,6,9,11,6,14,30,16,38,sitting-healthy
12,17,11,13,17,16,0,0,0,0,0,0,please-lean-back
10,40,4,2,5,12,0,20,22,21,23,39,sitting-healthy
3,0,28,18,11,23,6,38,7,39,37,7,sitting-healthy
5,37,40,32,26,25,32,38,8,34,7,31,sitting-healthy
23,13,21,24,21,33,33,13,23,21,26,23,sitting-healthy
15,12,16,14,18,20,0,0,0,0,0,0,please-lean-back
2,14,26,15,25,26,27,14,13,35,2,21,sitting-not-healthy
1,27,16,27,13,19,38,11,34,2,0,8,sitting-healthy
35,33,9,3,25,12,16,27,29,7,38,2,sitting-healthy
15,3,18,34,18,0,37,26,33,20,38,40,sitting-healthy
1,28,15,38,1,23,23,33,24,3,26,9,sitting-healthy
1,26,17,31,5,2,34,5,13,29,6,0,sitting-healthy
24,12,0,5,33,17,15,26,30,11,8,2,sitting-not-healthy
0,0,0,0,0,0,0,0,0,0,0,0,not-sitting
0,0,0,0,0,0,0,0,0,0,0,0,not-sitting
17,18,16,12,16,14,0,0,0,0,0,0,please-lean-back
18,13,10,3,37,12,40,9,28,20,6,5,sitting-healthy
23,31,25,39,13,23,28,27,21,33,16,22,sitting-healthy
8,12,7,17,7,11,20,39,23,24,35,26,sitting-healthy
10,28,25,40,20,7,4,36,9,24,40,16,sitting-healthy
0,0,0,0,0,0,0,0,0,0,0,0,not-sitting
29,0,40,10,7,9,7,26,19,19,37,37,sitting-healthy
28,7,22,29,7,26,36,32,5,27,26,15,sitting-healthy
40,29,35,38,32,28,18,26,37,18,16,18,sitting-healthy
25,31,17,37,14,17,13,2,23,11,19,15,sitting-not-healthy
6,29,24,13,21,40,14,13,19,17,14,7,sitting-healthy
10,1,38,24,22,37,0,40,27,32,33,35,sitting-healthy
14,10,31,11,26,11,14,34,30,10,28,35,sitting-not-healthy
40,8,39,3,12,29,3,6,30,25,3,33,sitting-healthy
0,0,0,0,0,0,0,0,0,0,0,0,not-sitting
12,33,17,0,39,20,4,28,14,33,27,17,sitting-not-healthy
5,0,33,17,35,38,8,11,11,15,1,16,sitting-healthy
3,4,22,8,8,39,30,26,2,36,39,0,sitting-healthy
28,24,28,36,27,18,31,33,38,6,15,5,sitting-healthy
15,7,19,2,17,1,8,12,20,4,37,10,sitting-not-healthy
18,30,29,14,6,40,8,34,35,27,21,20,sitting-healthy
0,0,0,0,0,0,0,0,0,0,0,0,not-sitting
25,33,2,21,37,9,7,28,29,8,17,38,sitting-healthy
9,7,14,29,14,28,4,39,7,10,37,13,sitting-not-healthy
21,7,36,24,28,19,22,39,5,4,23,14,sitting-healthy
15,12,16,15,17,20,0,0,0,0,0,0,please-lean-back
0,0,0,0,0,0,0,0,0,0,0,0,not-sitting
20,34,25,35,5,10,19,7,0,5,29,40,sitting-healthy
38,5,31,26,7,15,13,24,25,14,25,3,sitting-healthy
22,16,11,7,34,7,11,17,24,22,32,34,sitting-not-healthy
1,21,10,14,32,34,13,27,1,23,19,28,sitting-not-healthy
9,20,34,8,22,34,16,36,15,25,10,32,sitting-healthy
23,15,30,37,0,40,27,24,20,17,12,7,sitting-healthy
15,29,30,25,12,22,3,5,25,2,2,29,sitting-healthy
0,0,0,0,0,0,0,0,0,0,0,0,not-sitting
20,14,13,27,37,20,12,20,21,5,4,0,sitting-not-healthy
29,31,15,30,3,36,23,8,30,17,21,27,sitting-healthy
23,37,28,19,15,18,2,23,30,30,19,6,sitting-healthy
0,0,0,0,0,0,0,0,0,0,0,0,not-sitting
25,26,29,5,37,2,10,26,10,34,25,36,sitting-healthy
0,0,0,0,0,0,0,0,0,0,0,0,not-sitting
11,10,33,2,37,10,15,35,28,31,11,26,sitting-not-healthy
28,23,38,4,31,40,29,30,20,8,36,3,sitting-healthy
11,28,33,22,25,22,6,27,6,28,15,31,sitting-healthy
15,20,16,40,4,8,20,39,30,26,5,0,sitting-healthy
38,17,10,40,8,16,40,3,32,17,12,8,sitting-not-healthy
0,0,0,0,0,0,0,0,0,0,0,0,not-sitting
14,9,21,6,31,33,30,18,6,8,38,38,sitting-healthy
12,18,17,13,15,19,0,0,0,0,0,0,please-lean-back
15,1,17,29,22,10,15,25,31,34,7,16,sitting-not-healthy
0,0,0,0,0,0,0,0,0,0,0,0,not-sitting
0,0,0,0,0,0,0,0,0,0,0,0,not-sitting
35,23,25,15,21,15,6,27,27,7,32,2,sitting-healthy
8,8,8,21,16,32,14,37,22,17,32,3,sitting-healthy
0,0,0,0,0,0,0,0,0,0,0,0,not-sitting
38,24,8,22,1,2,11,24,30,11,16,11,sitting-healthy
19,13,39,27,19,18,1,27,39,2,19,39,sitting-healthy
28,40,9,6,40,21,3,37,28,5,22,12,sitting-healthy
5,39,22,12,26,7,12,28,23,20,12,36,sitting-healthy
39,23,35,38,40,39,27,20,25,6,38,19,sitting-healthy
13,18,20,12,14,18,0,0,0,0,0,0,please-lean-back
0,0,0,0,0,0,0,0,0,0,0,0,not-sitting
18,14,17,11,16,15,0,0,0,0,0,0,please-lean-back
10,11,10,14,16,11,0,0,0,0,0,0,please-lean-back
0,18,18,33,20,18,27,39,19,23,16,23,sitting-not-healthy
25,9,19,27,30,28,29,12,30,37,21,28,sitting-healthy
29,34,30,11,20,32,33,19,34,12,16,7,sitting-not-healthy
20,25,27,1,1,27,13,40,9,5,35,14,sitting-healthy
14,6,29,37,16,7,35,31,0,3,32,32,sitting-healthy
15,0,8,16,3,13,38,24,21,14,22,31,sitting-healthy
17,16,12,17,20,14,0,0,0,0,0,0,please-lean-back
7,9,29,3,37,31,10,2,28,2,29,16,sitting-healthy
31,25,1,34,2,30,23,11,7,37,30,12,sitting-healthy
12,3,6,32,32,21,11,9,25,39,2,31,sitting-healthy
17,16,17,13,10,16,0,0,0,0,0,0,please-lean-back
34,29,31,0,0,5,21,30,15,24,25,1,sitting-healthy
9,18,35,39,8,22,36,32,31,23,38,1,sitting-healthy
12,23,13,20,26,36,28,9,18,30,38,20,sitting-not-healthy
9,27,30,6,15,8,4,0,6,31,8,35,sitting-healthy
12,17,9,0,37,14,1,21,30,38,10,26,sitting-healthy
37,27,37,23,35,33,7,16,39,40,1,35,sitting-healthy
0,0,0,0,0,0,0,0,0,0,0,0,not-sitting
34,23,4,36,15,29,2,32,9,13,25,35,sitting-healthy
16,10,10,11,18,10,0,0,0,0,0,0,please-lean-back
0,0,0,0,0,0,0,0,0,0,0,0,not-sitting
0,0,0,0,0,0,0,0,0,0,0,0,not-sitting
25,32,6,18,4,11,8,35,24,40,35,24,sitting-healthy
33,4,10,4,18,22,33,12,11,25,34,30,sitting-not-healthy
20,18,20,34,26,6,39,5,23,37,32,4,sitting-healthy
18,8,30,9,31,7,36,7,36,22,28,21,sitting-healthy
18,15,18,12,19,12,0,0,0,0,0,0,please-lean-back
7,29,7,0,7,16,23,37,14,7,25,21,sitting-healthy
0,0,0,0,0,0,0,0,0,0,0,0,not-sitting
0,0,0,0,0,0,0,0,0,0,0,0,not-sitting
16,39,28,34,34,31,34,12,17,34,25,19,sitting-healthy
21,5,35,8,4,17,12,15,31,25,31,23,sitting-healthy
2,25,37,6,15,1,39,4,17,0,25,26,sitting-healthy
9,30,10,1,12,30,1,20,9,5,32,9,sitting-healthy
19,11,12,17,12,19,0,0,0,0,0,0,please-lean-back
5,27,28,31,28,2,31,22,32,4,39,4,sitting-healthy
2,40,30,20,37,9,7,22,22,0,26,18,sitting-healthy
3,28,30,16,26,11,37,39,12,9,13,1,sitting-not-healthy
38,16,39,27,25,22,27,19,7,0,5,5,sitting-healthy
10,14,16,39,31,4,30,11,2,24,13,34,sitting-not-healthy
13,8,6,14,19,25,9,19,8,34,11,15,sitting-not-healthy
38,40,8,30,25,34,30,5,13,39,37,1,sitting-healthy
0,0,0,0,0,0,0,0,0,0,0,0,not-sitting
26,8,40,10,32,10,36,30,15,24,16,23,sitting-not-healthy
3,11,24,1,8,11,15,1,33,15,24,13,sitting-not-healthy
15,15,20,14,17,14,0,0,0,0,0,0,please-lean-back
35,40,4,25,33,34,7,19,2,6,17,30,sitting-healthy
0,0,0,0,0,0,0,0,0,0,0,0,not-sitting
0,0,0,0,0,0,0,0,0,0,0,0,not-sitting
29,3,12,36,36,1,28,36,6,23,38,2,sitting-healthy
7,31,38,39,4,35,34,3,38,38,11,7,sitting-healthy
10,20,35,15,4,3,5,30,24,23,17,12,sitting-not-healthy
6,32,24,39,0,37,11,3,21,20,19,22,sitting-healthy
11,17,13,20,14,17,0,0,0,0,0,0,please-lean-back
37,12,14,13,20,11,35,39,28,17,16,22,sitting-not-healthy
14,11,25,3,27,38,9,5,0,26,39,28,sitting-healthy
31,3,15,33,38,17,26,15,22,38,18,36,sitting-not-healthy
23,13,8,14,17,40,30,14,40,1,12,19,sitting-not-healthy
16,33,28,17,15,38,26,16,34,15,24,1,sitting-not-healthy
9,16,14,39,0,23,20,10,22,21,21,6,sitting-not-healthy
33,32,16,10,34,25,17,7,3,11,19,17,sitting-not-healthy
16,10,12,19,11,17,0,0,0,0,0,0,please-lean-back
40,15,2,8,6,25,24,26,26,29,39,7,sitting-healthy
6,6,4,38,26,37,28,0,8,22,40,4,sitting-healthy
10,10,10,10,17,19,0,0,0,0,0,0,please-lean-back
32,35,10,26,1,9,27,22,27,35,32,37,sitting-healthy
20,27,4,3,23,2,33,33,5,7,27,24,sitting-healthy
29,19,33,8,34,25,34,13,1,17,21,20,sitting-healthy
9,20,25,0,23,21,4,30,17,2,13,8,sitting-healthy
16,16,13,17,19,12,0,0,0,0,0,0,please-lean-back
11,20,19,1,21,6,23,5,9,19,35,3,sitting-healthy
0,0,0,0,0,0,0,0,0,0,0,0,not-sitting
40,11,18,31,36,20,21,17,34,28,36,17,sitting-not-healthy
4,8,25,10,33,13,2,24,20,28,29,39,sitting-healthy
17,5,0,31,1,32,36,19,31,13,30,17,sitting-healthy
14,30,20,39,32,18,35,2,32,16,36,40,sitting-healthy
0,0,0,0,0,0,0,0,0,0,0,0,not-sitting
11,25,32,3,40,4,28,33,11,3,4,26,sitting-healthy
27,6,37,35,32,2,16,34,15,12,39,19,sitting-healthy
19,14,1,17,39,6,28,38,0,20,17,27,sitting-not-healthy
4,34,39,16,40,5,22,26,35,20,36,31,sitting-healthy
0,7,14,11,34,24,17,5,0,30,37,9,sitting-healthy
5,22,8,28,17,17,6,28,11,9,39,38,sitting-healthy
1,17,16,6,7,25,38,14,8,12,26,35,sitting-not-healthy
0,0,0,0,0,0,0,0,0,0,0,0,not-sitting
12,7,40,7,28,36,9,29,16,26,30,31,sitting-healthy
13,14,10,17,20,16,0,0,0,0,0,0,please-lean-back
23,8,24,16,23,36,1,31,1,3,15,0,sitting-healthy
16,38,1,24,22,38,29,28,34,19,13,3,sitting-healthy
0,12,18,6,5,28,0,10,21,21,27,4,sitting-healthy
37,24,24,39,35,33,0,6,5,9,20,28,sitting-healthy
16,12,10,10,15,20,0,0,0,0,0,0,please-lean-back
5,40,21,27,18,11,6,24,0,32,36,27,sitting-healthy
0,0,0,0,0,0,0,0,0,0,0,0,not-sitting
12,9,35,11,2,7,32,25,12,6,25,24,sitting-healthy
2,16,4,24,11,6,28,8,39,13,16,1,sitting-not-healthy
0,0,0,0,0,0,0,0,0,0,0,0,not-sitting
3,29,20,21,33,16,26,11,18,4,32,7,sitting-not-healthy
0,0,0,0,0,0,0,0,0,0,0,0,not-sitting
22,39,18,3,24,39,4,9,23,28,4,18,sitting-healthy
0,0,0,0,0,0,0,0,0,0,0,0,not-sitting
0,0,0,0,0,0,0,0,0,0,0,0,not-sitting
40,30,3,7,10,2,38,8,3,8,30,1,sitting-healthy
11,11,13,17,17,20,0,0,0,0,0,0,please-lean-back
28,16,0,23,37,13,34,28,17,27,16,21,sitting-not-healthy
12,25,27,7,5,37,21,25,6,39,30,7,sitting-healthy
0,0,0,0,0,0,0,0,0,0,0,0,not-sitting
0,0,0,0,0,0,0,0,0,0,0,0,not-sitting
18,39,4,30,36,8,12,27,35,35,7,5,sitting-healthy
19,10,15,12,11,11,0,0,0,0,0,0,please-lean-back
37,35,23,9,10,18,34,26,34,25,18,35,sitting-healthy
0,0,0,0,0,0,0,0,0,0,0,0,not-sitting
5,39,0,6,31,18,20,10,5,38,2,7,sitting-healthy
2,33,24,13,25,27,11,19,8,20,5,28,sitting-healthy
5,37,32,38,10,18,22,28,36,17,1,6,sitting-healthy
16,13,17,12,20,18,0,0,0,0,0,0,please-lean-back
9,29,16,10,40,28,9,39,23,35,38,11,sitting-healthy
37,32,29,39,33,6,11,26,14,9,5,22,sitting-healthy
0,0,0,0,0,0,0,0,0,0,0,0,not-sitting
9,15,35,13,2,22,22,27,31,38,11,0,sitting-healthy
19,39,40,11,40,11,35,22,20,12,35,7,sitting-not-healthy
20,2,19,9,28,21,23,33,39,7,10,24,sitting-healthy
8,31,12,37,34,34,4,0,8,36,34,5,sitting-healthy
18,16,20,18,12,15,0,0,0,0,0,0,please-lean-back
23,6,34,31,6,17,19,26,40,14,40,16,sitting-healthy
1,12,14,14,1,35,31,5,23,4,8,27,sitting-healthy
0,0,0,0,0,0,0,0,0,0,0,0,not-sitting
24,30,10,22,30,9,16,16,18,40,35,38,sitting-healthy
11,14,13,16,10,17,0,0,0,0,0,0,please-lean-back
12,13,17,18,13,19,0,0,0,0,0,0,please-lean-back
0,0,0,0,0,0,0,0,0,0,0,0,not-sitting
12,25,32,18,20,33,7,9,0,15,40,22,sitting-healthy
30,22,11,40,23,5,32,11,20,19,19,33,sitting-healthy
21,1,4,25,3,30,22,31,37,31,40,24,sitting-healthy
19,32,20,15,4,9,34,5,5,33,9,1,sitting-healthy
18,40,4,16,24,24,38,0,16,14,0,7,sitting-not-healthy
5,31,22,14,25,37,13,8,7,4,34,35,sitting-healthy
0,0,0,0,0,0,0,0,0,0,0,0,not-sitting
0,0,0,0,0,0,0,0,0,0,0,0,not-sitting
14,26,20,20,28,33,25,24,34,13,31,40,sitting-healthy
20,11,16,16,16,13,0,0,0,0,0,0,please-lean-back
4,17,40,13,5,18,28,39,40,5,38,31,sitting-healthy
27,37,20,11,32,11,31,35,7,30,6,0,sitting-healthy
25,29,40,32,5,12,39,26,33,40,0,32,sitting-healthy
10,15,17,11,10,17,0,0,0,0,0,0,please-lean-back
40,30,39,5,6,33,31,6,15,4,8,28,sitting-healthy
12,33,40,34,12,7,38,34,30,34,28,26,sitting-healthy
31,15,19,6,16,7,36,12,9,28,12,9,sitting-not-healthy
20,17,17,16,17,10,0,0,0,0,0,0,please-lean-back
18,3,2,13,6,17,17,3,21,38,6,38,sitting-healthy
37,29,21,32,21,7,23,12,31,13,9,0,sitting-healthy
34,29,36,6,12,9,16,34,27,28,26,23,sitting-healthy
26,24,19,31,39,6,17,11,11,21,24,18,sitting-healthy
8,5,12,7,11,26,26,15,23,20,29,37,sitting-not-healthy
5,3,31,37,32,10,18,32,6,31,21,18,sitting-healthy
14,18,11,20,17,18,0,0,0,0,0,0,please-lean-back
23,18,11,35,30,1,25,24,11,35,7,6,sitting-healthy
20,16,40,22,14,18,35,20,24,20,23,40,sitting-not-healthy
31,19,18,34,20,34,25,8,7,32,2,37,sitting-healthy
17,2,29,16,19,14,17,34,40,33,0,32,sitting-healthy
36,12,36,34,34,28,18,39,14,13,37,27,sitting-healthy
12,37,24,37,31,6,22,33,2,15,14,21,sitting-healthy
0,0,0,0,0,0,0,0,0,0,0,0,not-sitting
12,16,11,17,20,18,0,0,0,0,0,0,please-lean-back
25,35,18,29,23,39,35,10,28,7,38,26,sitting-healthy
5,6,33,30,23,20,40,10,38,36,4,6,sitting-healthy
30,30,14,32,2,3,7,20,10,40,13,34,sitting-healthy
37,34,26,4,23,26,36,23,30,4,18,31,sitting-healthy
7,12,32,24,36,29,4,7,31,7,14,28,sitting-healthy
10,8,6,6,3,0,36,3,13,5,22,14,sitting-healthy
23,10,12,18,14,6,40,18,27,26,31,38,sitting-healthy
0,0,0,0,0,0,0,0,0,0,0,0,not-sitting
30,29,38,3,20,0,28,5,38,0,14,6,sitting-healthy
0,0,0,0,0,0,0,0,0,0,0,0,not-sitting
8,28,23,22,7,27,33,23,3,32,13,26,sitting-healthy
34,36,1,14,33,28,20,19,28,38,30,9,sitting-healthy
0,0,0,0,0,0,0,0,0,0,0,0,not-sitting
15,17,3,11,26,33,34,36,34,9,4,39,sitting-healthy
25,35,35,40,12,20,21,16,8,18,7,32,sitting-not-healthy
37,2,26,15,11,5,3,20,33,7,33,16,sitting-not-healthy
0,27,23,39,10,28,39,22,27,36,5,22,sitting-healthy
11,11,13,19,10,19,0,0,0,0,0,0,please-lean-back
34,5,38,19,19,19,13,24,31,5,23,12,sitting-not-healthy
0,0,0,0,0,0,0,0,0,0,0,0,not-sitting
11,1,20,0,34,21,22,9,26,20,15,15,sitting-not-healthy
23,3,28,19,32,34,9,17,21,30,14,4,sitting-healthy
0,0,0,0,0,0,0,0,0,0,0,0,not-sitting
14,27,33,20,10,29,22,12,26,24,28,16,sitting-not-healthy
33,27,31,37,40,34,38,10,10,20,10,1,sitting-healthy
31,25,26,24,21,31,20,33,18,36,11,18,sitting-healthy
32,16,23,25,32,12,37,36,32,11,21,2,sitting-healthy
0,0,0,0,0,0,0,0,0,0,0,0,not-sitting
14,19,14,16,19,12,0,0,0,0,0,0,please-lean-back
19,18,14,10,11,18,0,0,0,0,0,0,please-lean-back
0,0,0,0,0,0,0,0,0,0,0,0,not-sitting
20,24,1,18,20,21,15,29,29,4,39,30,sitting-healthy
15,0,36,8,31,5,25,32,35,5,17,3,sitting-healthy
2,23,3,35,35,13,36,33,10,5,3,36,sitting-healthy
12,10,13,15,11,10,0,0,0,0,0,0,please-lean-back
15,17,12,16,12,19,0,0,0,0,0,0,please-lean-back
15,13,13,17,17,14,0,0,0,0,0,0,please-lean-back
8,39,13,1,2,22,0,26,23,30,18,9,sitting-healthy
0,0,0,0,0,0,0,0,0,0,0,0,not-sitting
3,34,17,20,21,39,35,34,14,9,28,22,sitting-healthy
0,0,0,0,0,0,0,0,0,0,0,0,not-sitting
38,7,12,4,10,28,31,3,40,22,11,1,sitting-healthy
35,9,2,0,34,23,22,17,18,38,27,6,sitting-healthy
5,14,25,21,12,21,6,21,15,23,10,29,sitting-not-healthy
39,12,5,6,31,5,10,39,5,22,39,14,sitting-healthy
14,10,20,14,11,20,0,0,0,0,0,0,please-lean-back
12,12,13,10,16,11,0,0,0,0,0,0,please-lean-back
18,19,15,23,32,38,10,23,9,35,24,24,sitting-healthy
33,2,26,25,22,32,38,36,2,39,6,14,sitting-healthy
10,25,40,37,15,11,5,15,12,39,13,13,sitting-not-healthy
19,15,13,11,16,10,0,0,0,0,0,0,please-lean-back
17,15,15,19,20,14,0,0,0,0,0,0,please-lean-back
12,20,15,15,18,16,0,0,0,0,0,0,please-lean-back
31,30,33,20,0,4,36,30,3,40,1,33,sitting-healthy
27,18,19,34,22,32,4,6,10,19,18,13,sitting-not-healthy
19,40,6,39,30,4,10,30,32,11,17,12,sitting-healthy
18,31,32,25,39,39,31,28,37,19,14,18,sitting-healthy
20,16,10,20,10,10,0,0,0,0,0,0,please-lean-back
31,32,27,7,26,3,6,1,16,37,39,3,sitting-healthy
9,17,5,6,21,1,16,15,7,19,28,37,sitting-healthy
10,24,22,7,36,14,1,1,30,22,7,5,sitting-healthy
25,26,32,34,2,26,12,26,24,6,34,25,sitting-healthy
18,11,14,13,20,14,0,0,0,0,0,0,please-lean-back
0,0,0,0,0,0,0,0,0,0,0,0,not-sitting
31,23,1,34,34,9,7,26,5,19,11,5,sitting-healthy
34,15,14,27,9,8,28,7,23,10,33,29,sitting-healthy
12,1,6,18,37,8,3,0,19,10,19,40,sitting-not-healthy
0,0,0,0,0,0,0,0,0,0,0,0,not-sitting
31,0,13,3,18,7,32,23,26,6,17,28,sitting-healthy
38,0,24,8,20,31,39,19,19,11,21,6,sitting-healthy
18,26,5,39,37,0,10,7,7,4,19,26,sitting-healthy
14,15,11,17,19,16,0,0,0,0,0,0,please-lean-back
16,15,13,14,15,17,0,0,0,0,0,0,please-lean-back
15,35,10,9,26,39,9,17,4,0,39,8,sitting-healthy
11,36,31,33,7,39,11,8,1,19,32,15,sitting-healthy
19,14,17,14,17,20,0,0,0,0,0,0,please-lean-back
12,15,12,20,16,16,0,0,0,0,0,0,please-lean-back
20,20,16,11,13,18,0,0,0,0,0,0,please-lean-back
16,15,13,13,15,13,0,0,0,0,0,0,please-lean-back
22,19,32,4,11,31,24,19,8,28,11,39,sitting-not-healthy
17,10,17,10,15,19,0,0,0,0,0,0,please-lean-back
0,0,0,0,0,0,0,0,0,0,0,0,not-sitting
30,10,10,29,9,7,32,5,28,4,4,33,sitting-healthy
16,35,20,26,16,10,28,15,16,34,15,38,sitting-not-healthy
11,12,18,20,17,11,0,0,0,0,0,0,please-lean-back
26,0,40,26,34,35,37,39,15,23,34,29,sitting-healthy
16,18,12,16,18,14,0,0,0,0,0,0,please-lean-back
11,19,10,13,17,19,0,0,0,0,0,0,please-lean-back
35,24,37,12,1,3,2,8,9,25,22,8,sitting-healthy
12,15,10,10,11,10,0,0,0,0,0,0,please-lean-back
21,36,30,34,3,16,16,19,26,4,9,32,sitting-healthy
16,22,0,17,30,24,24,15,19,18,23,6,sitting-not-healthy
14,16,17,18,15,10,0,0,0,0,0,0,please-lean-back
27,40,22,6,4,10,31,11,21,29,18,31,sitting-healthy
12,10,10,12,15,18,0,0,0,0,0,0,please-lean-back
39,35,37,38,36,20,26,27,5,34,0,7,sitting-healthy
26,10,28,3,31,20,4,30,0,33,3,6,sitting-healthy
28,36,14,16,34,3,11,2,21,35,39,5,sitting-healthy
7,22,11,16,24,21,27,30,33,0,5,20,sitting-healthy
31,24,20,38,4,1,27,17,0,31,27,23,sitting-healthy
6,16,22,9,13,40,29,32,32,36,20,34,sitting-healthy
0,0,40,15,6,23,11,22,30,4,4,37,sitting-healthy
11,19,2,10,21,6,9,32,33,27,20,3,sitting-healthy
16,21,4,13,1,28,13,32,13,19,12,7,sitting-not-healthy
15,17,18,20,16,12,0,0,0,0,0,0,please-lean-back
39,18,33,18,12,0,22,27,35,0,19,28,sitting-healthy
1,15,25,7,17,37,8,18,5,38,24,26,sitting-healthy
29,37,25,16,40,15,11,27,34,14,32,40,sitting-not-healthy
0,0,0,0,0,0,0,0,0,0,0,0,not-sitting
33,5,7,40,39,1,37,31,30,11,25,13,sitting-healthy
0,20,28,37,10,30,17,38,14,13,37,17,sitting-not-healthy
14,7,33,20,25,12,12,32,21,35,17,40,sitting-not-healthy
2,15,0,5,34,21,7,30,33,5,35,4,sitting-healthy
8,31,15,5,19,0,39,16,13,20,16,4,sitting-not-healthy
40,37,22,35,9,2,9,31,14,32,31,2,sitting-healthy
39,12,5,13,0,26,0,1,8,33,17,12,sitting-not-healthy
35,27,17,9,23,34,21,20,30,34,6,7,sitting-healthy
0,0,0,0,0,0,0,0,0,0,0,0,not-sitting
4,11,23,19,16,27,19,28,32,13,40,2,sitting-not-healthy
22,38,33,0,2,33,28,33,1,18,9,20,sitting-healthy
33,25,27,10,15,23,37,4,1,37,0,20,sitting-healthy
0,0,0,0,0,0,0,0,0,0,0,0,not-sitting
13,17,14,17,11,20,0,0,0,0,0,0,please-lean-back
20,13,16,7,8,15,32,13,14,0,38,14,sitting-not-healthy
0,0,0,0,0,0,0,0,0,0,0,0,not-sitting
31,0,22,24,28,35,38,29,20,8,6,34,sitting-healthy
36,31,15,28,7,34,18,28,30,31,25,20,sitting-healthy
5,27,4,16,4,26,4,11,35,28,0,17,sitting-healthy
0,0,0,0,0,0,0,0,0,0,0,0,not-sitting
34,40,32,15,8,40,38,2,34,0,30,0,sitting-healthy
3,26,25,38,0,22,13,11,4,14,9,17,sitting-healthy
17,17,20,19,16,15,0,0,0,0,0,0,please-lean-back
13,39,19,29,40,31,36,10,0,10,37,9,sitting-not-healthy
13,12,12,11,11,16,0,0,0,0,0,0,please-lean-back
11,11,27,29,17,36,21,0,18,1,38,1,sitting-healthy
2,34,40,24,33,36,25,23,39,2,13,19,sitting-healthy
27,32,15,6,25,39,33,39,8,30,11,0,sitting-healthy
27,1,40,10,2,35,0,13,30,36,32,29,sitting-healthy
10,30,16,11,23,27,23,23,5,1,34,11,sitting-healthy
17,11,39,1,22,6,22,7,32,10,30,30,sitting-healthy
35,34,6,15,14,38,11,22,32,36,27,1,sitting-healthy
22,31,28,0,1,20,9,11,23,29,35,16,sitting-healthy
14,14,11,17,16,17,0,0,0,0,0,0,please-lean-back
0,0,0,0,0,0,0,0,0,0,0,0,not-sitting
14,18,15,0,31,13,34,21,23,17,29,2,sitting-healthy
7,20,3,21,39,18,15,24,40,15,13,39,sitting-not-healthy
26,4,35,10,15,11,21,24,0,5,21,34,sitting-healthy
21,32,2,4,21,17,5,22,28,15,33,3,sitting-healthy
7,26,16,15,40,31,2,31,3,27,9,34,sitting-healthy
28,30,25,15,11,5,21,35,17,33,29,24,sitting-healthy
12,17,13,18,15,17,0,0,0,0,0,0,please-lean-back
29,23,11,35,13,21,12,2,20,37,24,22,sitting-not-healthy
0,12,16,13,33,1,11,1,29,37,6,37,sitting-healthy
1,32,17,19,26,16,15,40,7,10,23,26,sitting-not-healthy
36,35,36,30,6,29,32,9,11,11,18,7,sitting-healthy
15,20,14,18,18,17,0,0,0,0,0,0,please-lean-back
15,18,12,13,19,15,0,0,0,0,0,0,please-lean-back
20,14,11,19,11,18,0,0,0,0,0,0,please-lean-back
15,15,20,17,18,13,0,0,0,0,0,0,please-lean-back
34,40,6,7,7,12,40,10,16,20,14,4,sitting-healthy
32,10,27,39,12,33,31,33,36,6,35,28,sitting-healthy
15,20,13,15,17,16,0,0,0,0,0,0,please-lean-back
29,12,17,27,9,15,9,15,23,7,22,8,sitting-healthy
24,38,5,32,13,11,36,5,34,36,18,28,sitting-healthy
0,0,0,0,0,0,0,0,0,0,0,0,not-sitting
11,11,39,29,14,2,21,32,7,29,2,6,sitting-healthy
33,13,38,2,27,39,0,20,40,6,16,20,sitting-healthy
12,3,21,3,33,15,0,3,8,22,24,8,sitting-healthy
36,36,14,14,21,32,21,18,35,10,11,12,sitting-not-healthy
17,15,12,14,10,19,0,0,0,0,0,0,please-lean-back
0,0,0,0,0,0,0,0,0,0,0,0,not-sitting
24,17,20,2,31,5,14,32,9,6,36,30,sitting-healthy
12,15,11,13,10,12,0,0,0,0,0,0,please-lean-back
9,1,10,6,40,29,8,13,13,22,16,18,sitting-healthy
25,39,4,24,7,9,37,1,13,26,13,25,sitting-healthy
37,21,40,38,29,19,15,23,23,17,24,30,sitting-healthy
33,32,12,29,17,15,21,33,5,31,34,34,sitting-healthy
32,8,23,22,29,16,29,5,23,30,11,39,sitting-healthy
8,37,29,2,1,34,10,38,6,7,38,33,sitting-healthy
10,15,2,25,35,5,12,2,14,33,33,24,sitting-not-healthy
25,5,38,26,8,31,4,0,22,12,39,39,sitting-healthy
4,6,15,1,36,6,22,9,14,15,26,20,sitting-healthy
20,16,23,1,37,30,38,4,28,36,20,29,sitting-healthy
23,25,0,39,6,3,3,35,33,33,30,2,sitting-healthy
9,15,36,24,40,5,28,1,1,11,36,9,sitting-healthy
21,15,8,38,7,3,28,33,9,2,20,33,sitting-healthy
17,10,36,32,40,19,12,39,36,34,10,19,sitting-not-healthy
32,34,12,3,40,39,40,23,40,1,5,5,sitting-healthy
18,26,16,26,36,23,34,33,22,22,2,9,sitting-healthy
40,37,22,9,4,29,24,36,12,1,27,35,sitting-healthy
